gene,target_mutation,is_dPAM,is_PE3b,sgRNA,PBS,RTT,ngRNA,eff,PrimeDesign_input,N_mutation,N_deletion,N_insertion,refseq,altseq,cut_sgRNA1,cut_sgRNA2,cut_ngRNA1,cut_ngRNA2,cut_position,target_pos,RTT_flank
ATP7B,delG,TRUE,FALSE,CCAGCAATACCTTTTTCTGC,GAAAAAGGTATTGCTG,GCAGCCTTCCGCA,TCCGCAGAAAAAGGTATTGC,0.013333333,GAACTTGGAACAGAGACCTTGGGATACTGCACGGACTTCCAGGCAGTGCCAGGCTGTGGAATTGGGTGCAAAGTCAGCAACGTGGAAGGCATCCTGGCCCACAGTGAGCGCCCTTTGAGTGCACCGGCCAGTCACCTGAATGAGGCTGGCAGCCTTCC(-C)GCAGAAAAAGGTATTGCTGGCTTTTGTCTCTGCAGCTGGTTAAAAGTAGAGGTGGGTCAAACCACAGAGAGCACCACGCCCAGCAGTGATTGCCTCTGCTGTGCGGCAGACGGTTCATGGCTAAGGCACCCAAGCCTGCCTCCCCACACC,0,1,0,GAACTTGGAACAGAGACCTTGGGATACTGCACGGACTTCCAGGCAGTGCCAGGCTGTGGAATTGGGTGCAAAGTCAGCAACGTGGAAGGCATCCTGGCCCACAGTGAGCGCCCTTTGAGTGCACCGGCCAGTCACCTGAATGAGGCTGGCAGCCTTCCCGCAGAAAAAGGTATTGCTGGCTTTTGTCTCTGCAGCTGGTTAAAAGTAGAGGTGGGTCAAACCACAGAGAGCACCACGCCCAGCAGTGATTGCCTCTGCTGTGCGGCAGACGGTTCATGGCTAAGGCACCCAAGCCTGCCTCCCCACACC,GAACTTGGAACAGAGACCTTGGGATACTGCACGGACTTCCAGGCAGTGCCAGGCTGTGGAATTGGGTGCAAAGTCAGCAACGTGGAAGGCATCCTGGCCCACAGTGAGCGCCCTTTGAGTGCACCGGCCAGTCACCTGAATGAGGCTGGCAGCCTTCCGCAGAAAAAGGTATTGCTGGCTTTTGTCTCTGCAGCTGGTTAAAAGTAGAGGTGGGTCAAACCACAGAGAGCACCACGCCCAGCAGTGATTGCCTCTGCTGTGCGGCAGACGGTTCATGGCTAAGGCACCCAAGCCTGCCTCCCCACACC,162,161,-1,171,9,3,10
CFH,24bp_del,FALSE,FALSE,AACATGTTGGGATGGGAAAC,TCCCATCCC,ACTAAAGTTCTGAATAAAGGTGTGCACTTTATGATTGATACTCCAGTT,AATACTAAAGTTCTGAATAA,0.276666667,CCGTGTGTAATATCCCGAGAAATTATGGAAAATTATAACATAGCATTAAGGTGGACAGCCAAACAGAAGCTTTATTCGAGAACAGGTGAATCAGTTGAATTTGTGTGTAAACGGGGATATCGTCTTTCATCACGTTCTCACACATTGCGAACAACATGTTGGGATGGGAAACTGGAGTATC(-CAACTTGTGCAAAAAGATAGAATC)AATCATAAAGTGCACACCTTTATTCAGAACTTTAGTATTAAATCAGTTCTCAATTTCATTTTTTATGTATTGTTTTACTCCTTTTTATTCATACGTAAAATTTTGGATTAATTTGTGAAAATGTAATTATAAGCTGAGACCGGTGGCTCT,0,24,0,CCGTGTGTAATATCCCGAGAAATTATGGAAAATTATAACATAGCATTAAGGTGGACAGCCAAACAGAAGCTTTATTCGAGAACAGGTGAATCAGTTGAATTTGTGTGTAAACGGGGATATCGTCTTTCATCACGTTCTCACACATTGCGAACAACATGTTGGGATGGGAAACTGGAGTATCCAACTTGTGCAAAAAGATAGAATCAATCATAAAGTGCACACCTTTATTCAGAACTTTAGTATTAAATCAGTTCTCAATTTCATTTTTTATGTATTGTTTTACTCCTTTTTATTCATACGTAAAATTTTGGATTAATTTGTGAAAATGTAATTATAAGCTGAGACCGGTGGCTCT,CCGTGTGTAATATCCCGAGAAATTATGGAAAATTATAACATAGCATTAAGGTGGACAGCCAAACAGAAGCTTTATTCGAGAACAGGTGAATCAGTTGAATTTGTGTGTAAACGGGGATATCGTCTTTCATCACGTTCTCACACATTGCGAACAACATGTTGGGATGGGAAACTGGAGTATCAATCATAAAGTGCACACCTTTATTCAGAACTTTAGTATTAAATCAGTTCTCAATTTCATTTTTTATGTATTGTTTTACTCCTTTTTATTCATACGTAAAATTTTGGATTAATTTGTGAAAATGTAATTATAAGCTGAGACCGGTGGCTCT,168,168,227,203,35,12,36
CFH,24bp_del,TRUE,FALSE,AACATGTTGGGATGGGAAAC,TCCCATCCC,ACTAAAGTTCTGAATAAAGGTGTGCACTTTATGATTGATACTCGAGTT,AATACTAAAGTTCTGAATAA,1.01,CCGTGTGTAATATCCCGAGAAATTATGGAAAATTATAACATAGCATTAAGGTGGACAGCCAAACAGAAGCTTTATTCGAGAACAGGTGAATCAGTTGAATTTGTGTGTAAACGGGGATATCGTCTTTCATCACGTTCTCACACATTGCGAACAACATGTTGGGATGGGAAACTGGAGTATC(-CAACTTGTGCAAAAAGATAGAATC)AATCATAAAGTGCACACCTTTATTCAGAACTTTAGTATTAAATCAGTTCTCAATTTCATTTTTTATGTATTGTTTTACTCCTTTTTATTCATACGTAAAATTTTGGATTAATTTGTGAAAATGTAATTATAAGCTGAGACCGGTGGCTCT,0,24,0,CCGTGTGTAATATCCCGAGAAATTATGGAAAATTATAACATAGCATTAAGGTGGACAGCCAAACAGAAGCTTTATTCGAGAACAGGTGAATCAGTTGAATTTGTGTGTAAACGGGGATATCGTCTTTCATCACGTTCTCACACATTGCGAACAACATGTTGGGATGGGAAACTGGAGTATCCAACTTGTGCAAAAAGATAGAATCAATCATAAAGTGCACACCTTTATTCAGAACTTTAGTATTAAATCAGTTCTCAATTTCATTTTTTATGTATTGTTTTACTCCTTTTTATTCATACGTAAAATTTTGGATTAATTTGTGAAAATGTAATTATAAGCTGAGACCGGTGGCTCT,CCGTGTGTAATATCCCGAGAAATTATGGAAAATTATAACATAGCATTAAGGTGGACAGCCAAACAGAAGCTTTATTCGAGAACAGGTGAATCAGTTGAATTTGTGTGTAAACGGGGATATCGTCTTTCATCACGTTCTCACACATTGCGAACAACATGTTGGGATGGGAAACTGGAGTATCAATCATAAAGTGCACACCTTTATTCAGAACTTTAGTATTAAATCAGTTCTCAATTTCATTTTTTATGTATTGTTTTACTCCTTTTTATTCATACGTAAAATTTTGGATTAATTTGTGAAAATGTAATTATAAGCTGAGACCGGTGGCTCT,168,168,227,203,35,12,36
DMD,delG,TRUE,FALSE,ACTACGAGGCTGGCTCAGGG,TGAGCCAGCC,GGACTCCCCC,GAGAATCCTAGCAGATCTTG,18.30666667,TTTCTATTTTCAAATACACTCCTGAGTCCCTAACCCCCAAAGCAAAATAAGGGGGGGAAAAAACCAAAACCTTTGATTTTATTTTCCAGAGATGATGAACATTTGTTAATCCAGCATTACTGCCAAAGTTTGAACCAGGACTCCCCC(-C)TGAGCCAGCCTCGTAGTCCTGCCCAGATCTTGATTTCCTTAGAGAGTGAGGAAAGAGGGGAGCTAGAGAGAATCCTAGCAGATCTTGAGGAAGAAAACAGGTGAGTTTTCTTTCTAGCTTTGTCATTGGTATGCAGAGTGCATACACTTG,0,1,0,TTTCTATTTTCAAATACACTCCTGAGTCCCTAACCCCCAAAGCAAAATAAGGGGGGGAAAAAACCAAAACCTTTGATTTTATTTTCCAGAGATGATGAACATTTGTTAATCCAGCATTACTGCCAAAGTTTGAACCAGGACTCCCCCCTGAGCCAGCCTCGTAGTCCTGCCCAGATCTTGATTTCCTTAGAGAGTGAGGAAAGAGGGGAGCTAGAGAGAATCCTAGCAGATCTTGAGGAAGAAAACAGGTGAGTTTTCTTTCTAGCTTTGTCATTGGTATGCAGAGTGCATACACTTG,TTTCTATTTTCAAATACACTCCTGAGTCCCTAACCCCCAAAGCAAAATAAGGGGGGGAAAAAACCAAAACCTTTGATTTTATTTTCCAGAGATGATGAACATTTGTTAATCCAGCATTACTGCCAAAGTTTGAACCAGGACTCCCCCTGAGCCAGCCTCGTAGTCCTGCCCAGATCTTGATTTCCTTAGAGAGTGAGGAAAGAGGGGAGCTAGAGAGAATCCTAGCAGATCTTGAGGAAGAAAACAGGTGAGTTTTCTTTCTAGCTTTGTCATTGGTATGCAGAGTGCATACACTTG,148,147,231,230,82,1,9
GATA2,delTGT,FALSE,TRUE,GTTTCGGCGCCATAAGGTGG,CCTTATGGCGCC,GCAAATTGTCAGACGACCACCA,GTCAGACGACCACCACCTTA,16.35333333,GGGAGGGGGGTCGAGGTGGGCGTGGGAGTCCAGCCTGCTGACGCTGCCTTGCCCTCCCAGTCGGCCGCCAGAAGAGCCGGCACCTGTTGTGCAAATTGTCAGACG(-ACA)ACCACCACCTTATGGCGCCGAAACGCCAACGGGGACCCTGTCTGCAACGCCTGTGGCCTCTACTACAAGCTGCACAATGTGAGTGCGCCCCGCCCCGGCCACCCCGCCCCTCCCAGGGGACCTCTGCGCTTTGTGCTGCCAGGCAAGAGG,0,3,0,GGGAGGGGGGTCGAGGTGGGCGTGGGAGTCCAGCCTGCTGACGCTGCCTTGCCCTCCCAGTCGGCCGCCAGAAGAGCCGGCACCTGTTGTGCAAATTGTCAGACGACAACCACCACCTTATGGCGCCGAAACGCCAACGGGGACCCTGTCTGCAACGCCTGTGGCCTCTACTACAAGCTGCACAATGTGAGTGCGCCCCGCCCCGGCCACCCCGCCCCTCCCAGGGGACCTCTGCGCTTTGTGCTGCCAGGCAAGAGG,GGGAGGGGGGTCGAGGTGGGCGTGGGAGTCCAGCCTGCTGACGCTGCCTTGCCCTCCCAGTCGGCCGCCAGAAGAGCCGGCACCTGTTGTGCAAATTGTCAGACGACCACCACCTTATGGCGCCGAAACGCCAACGGGGACCCTGTCTGCAACGCCTGTGGCCTCTACTACAAGCTGCACAATGTGAGTGCGCCCCGCCCCGGCCACCCCGCCCCTCCCAGGGGACCTCTGCGCTTTGTGCTGCCAGGCAAGAGG,115,112,-1,113,-2,7,15
GATA2,delTGT,FALSE,FALSE,GTTTCGGCGCCATAAGGTGG,CCTTATGGCGCC,GCAAATTGTCAGACGACCACCA,CGCTGCCTTGCCCTCCCAGT,23.34,GGGAGGGGGGTCGAGGTGGGCGTGGGAGTCCAGCCTGCTGACGCTGCCTTGCCCTCCCAGTCGGCCGCCAGAAGAGCCGGCACCTGTTGTGCAAATTGTCAGACG(-ACA)ACCACCACCTTATGGCGCCGAAACGCCAACGGGGACCCTGTCTGCAACGCCTGTGGCCTCTACTACAAGCTGCACAATGTGAGTGCGCCCCGCCCCGGCCACCCCGCCCCTCCCAGGGGACCTCTGCGCTTTGTGCTGCCAGGCAAGAGG,0,3,0,GGGAGGGGGGTCGAGGTGGGCGTGGGAGTCCAGCCTGCTGACGCTGCCTTGCCCTCCCAGTCGGCCGCCAGAAGAGCCGGCACCTGTTGTGCAAATTGTCAGACGACAACCACCACCTTATGGCGCCGAAACGCCAACGGGGACCCTGTCTGCAACGCCTGTGGCCTCTACTACAAGCTGCACAATGTGAGTGCGCCCCGCCCCGGCCACCCCGCCCCTCCCAGGGGACCTCTGCGCTTTGTGCTGCCAGGCAAGAGG,GGGAGGGGGGTCGAGGTGGGCGTGGGAGTCCAGCCTGCTGACGCTGCCTTGCCCTCCCAGTCGGCCGCCAGAAGAGCCGGCACCTGTTGTGCAAATTGTCAGACGACCACCACCTTATGGCGCCGAAACGCCAACGGGGACCCTGTCTGCAACGCCTGTGGCCTCTACTACAAGCTGCACAATGTGAGTGCGCCCCGCCCCGGCCACCCCGCCCCTCCCAGGGGACCTCTGCGCTTTGTGCTGCCAGGCAAGAGG,115,112,57,57,-58,7,15
GATA2,delTGT,TRUE,TRUE,GTTTCGGCGCCATAAGGTGG,CCTTATGGCGCC,GCAAATTGTCAGACGACAACCA,GTCAGACGACCACCACCTTA,21.80666667,GGGAGGGGGGTCGAGGTGGGCGTGGGAGTCCAGCCTGCTGACGCTGCCTTGCCCTCCCAGTCGGCCGCCAGAAGAGCCGGCACCTGTTGTGCAAATTGTCAGACG(-ACA)ACCACCACCTTATGGCGCCGAAACGCCAACGGGGACCCTGTCTGCAACGCCTGTGGCCTCTACTACAAGCTGCACAATGTGAGTGCGCCCCGCCCCGGCCACCCCGCCCCTCCCAGGGGACCTCTGCGCTTTGTGCTGCCAGGCAAGAGG,0,3,0,GGGAGGGGGGTCGAGGTGGGCGTGGGAGTCCAGCCTGCTGACGCTGCCTTGCCCTCCCAGTCGGCCGCCAGAAGAGCCGGCACCTGTTGTGCAAATTGTCAGACGACAACCACCACCTTATGGCGCCGAAACGCCAACGGGGACCCTGTCTGCAACGCCTGTGGCCTCTACTACAAGCTGCACAATGTGAGTGCGCCCCGCCCCGGCCACCCCGCCCCTCCCAGGGGACCTCTGCGCTTTGTGCTGCCAGGCAAGAGG,GGGAGGGGGGTCGAGGTGGGCGTGGGAGTCCAGCCTGCTGACGCTGCCTTGCCCTCCCAGTCGGCCGCCAGAAGAGCCGGCACCTGTTGTGCAAATTGTCAGACGACCACCACCTTATGGCGCCGAAACGCCAACGGGGACCCTGTCTGCAACGCCTGTGGCCTCTACTACAAGCTGCACAATGTGAGTGCGCCCCGCCCCGGCCACCCCGCCCCTCCCAGGGGACCTCTGCGCTTTGTGCTGCCAGGCAAGAGG,115,112,-1,113,-2,7,15
GATA2,delTGT,TRUE,FALSE,GTTTCGGCGCCATAAGGTGG,CCTTATGGCGCC,GCAAATTGTCAGACGACAACCA,CGCTGCCTTGCCCTCCCAGT,37.13666667,GGGAGGGGGGTCGAGGTGGGCGTGGGAGTCCAGCCTGCTGACGCTGCCTTGCCCTCCCAGTCGGCCGCCAGAAGAGCCGGCACCTGTTGTGCAAATTGTCAGACG(-ACA)ACCACCACCTTATGGCGCCGAAACGCCAACGGGGACCCTGTCTGCAACGCCTGTGGCCTCTACTACAAGCTGCACAATGTGAGTGCGCCCCGCCCCGGCCACCCCGCCCCTCCCAGGGGACCTCTGCGCTTTGTGCTGCCAGGCAAGAGG,0,3,0,GGGAGGGGGGTCGAGGTGGGCGTGGGAGTCCAGCCTGCTGACGCTGCCTTGCCCTCCCAGTCGGCCGCCAGAAGAGCCGGCACCTGTTGTGCAAATTGTCAGACGACAACCACCACCTTATGGCGCCGAAACGCCAACGGGGACCCTGTCTGCAACGCCTGTGGCCTCTACTACAAGCTGCACAATGTGAGTGCGCCCCGCCCCGGCCACCCCGCCCCTCCCAGGGGACCTCTGCGCTTTGTGCTGCCAGGCAAGAGG,GGGAGGGGGGTCGAGGTGGGCGTGGGAGTCCAGCCTGCTGACGCTGCCTTGCCCTCCCAGTCGGCCGCCAGAAGAGCCGGCACCTGTTGTGCAAATTGTCAGACGACCACCACCTTATGGCGCCGAAACGCCAACGGGGACCCTGTCTGCAACGCCTGTGGCCTCTACTACAAGCTGCACAATGTGAGTGCGCCCCGCCCCGGCCACCCCGCCCCTCCCAGGGGACCTCTGCGCTTTGTGCTGCCAGGCAAGAGG,115,112,57,57,-58,7,15
GLA,del(CAGC)2CCATG,TRUE,TRUE,ATTGGCAAGGACGCCTACCA,TAGGCGTCCTTG,GGTTGCACATGAAGCGCTCCCAGTGG,CATGAAGCGCTCCCAGTGGT,8.59,ATGCAGCTGAGGAACCCAGAACTACATCTGGGCTGCGCGCTTGCGCTTCGCTTCCTGGCCCTCGTTTCCTGGGACATCCCTGGGGCTAGAGCACTGGACAATGGATTGGCAAGGACGCCTAC(-CATGGGCTGGCTG)CACTGGGAGCGCTTCATGTGCAACCTTGACTGCCAGGAAGAGCCAGATTCCTGCATCAGGTATCAGATATTGGGTACTCCCTTCCCTTTGCTTTTCCATGTGTTTGGGTGTGTTTGGGGAACTGGAGAGTCTCAACGGGAACAGTTGAGC,0,13,0,ATGCAGCTGAGGAACCCAGAACTACATCTGGGCTGCGCGCTTGCGCTTCGCTTCCTGGCCCTCGTTTCCTGGGACATCCCTGGGGCTAGAGCACTGGACAATGGATTGGCAAGGACGCCTACCATGGGCTGGCTGCACTGGGAGCGCTTCATGTGCAACCTTGACTGCCAGGAAGAGCCAGATTCCTGCATCAGGTATCAGATATTGGGTACTCCCTTCCCTTTGCTTTTCCATGTGTTTGGGTGTGTTTGGGGAACTGGAGAGTCTCAACGGGAACAGTTGAGC,ATGCAGCTGAGGAACCCAGAACTACATCTGGGCTGCGCGCTTGCGCTTCGCTTCCTGGCCCTCGTTTCCTGGGACATCCCTGGGGCTAGAGCACTGGACAATGGATTGGCAAGGACGCCTACCACTGGGAGCGCTTCATGTGCAACCTTGACTGCCAGGAAGAGCCAGATTCCTGCATCAGGTATCAGATATTGGGTACTCCCTTCCCTTTGCTTTTCCATGTGTTTGGGTGTGTTTGGGGAACTGGAGAGTCTCAACGGGAACAGTTGAGC,120,120,-1,123,3,2,24
GLA,del(CAGC)2CCATG,TRUE,FALSE,ATTGGCAAGGACGCCTACCA,TAGGCGTCCTTG,GGTTGCACATGAAGCGCTCCCAGTGG,CAATATCTGATACCTGATGC,14.68333333,ATGCAGCTGAGGAACCCAGAACTACATCTGGGCTGCGCGCTTGCGCTTCGCTTCCTGGCCCTCGTTTCCTGGGACATCCCTGGGGCTAGAGCACTGGACAATGGATTGGCAAGGACGCCTAC(-CATGGGCTGGCTG)CACTGGGAGCGCTTCATGTGCAACCTTGACTGCCAGGAAGAGCCAGATTCCTGCATCAGGTATCAGATATTGGGTACTCCCTTCCCTTTGCTTTTCCATGTGTTTGGGTGTGTTTGGGGAACTGGAGAGTCTCAACGGGAACAGTTGAGC,0,13,0,ATGCAGCTGAGGAACCCAGAACTACATCTGGGCTGCGCGCTTGCGCTTCGCTTCCTGGCCCTCGTTTCCTGGGACATCCCTGGGGCTAGAGCACTGGACAATGGATTGGCAAGGACGCCTACCATGGGCTGGCTGCACTGGGAGCGCTTCATGTGCAACCTTGACTGCCAGGAAGAGCCAGATTCCTGCATCAGGTATCAGATATTGGGTACTCCCTTCCCTTTGCTTTTCCATGTGTTTGGGTGTGTTTGGGGAACTGGAGAGTCTCAACGGGAACAGTTGAGC,ATGCAGCTGAGGAACCCAGAACTACATCTGGGCTGCGCGCTTGCGCTTCGCTTCCTGGCCCTCGTTTCCTGGGACATCCCTGGGGCTAGAGCACTGGACAATGGATTGGCAAGGACGCCTACCACTGGGAGCGCTTCATGTGCAACCTTGACTGCCAGGAAGAGCCAGATTCCTGCATCAGGTATCAGATATTGGGTACTCCCTTCCCTTTGCTTTTCCATGTGTTTGGGTGTGTTTGGGGAACTGGAGAGTCTCAACGGGAACAGTTGAGC,120,120,190,177,57,2,24
HMBS,dup,FALSE,TRUE,CCCTACCAGGTGCCTCAGGA,TGAGGCACCTGG,TGCTGCACGATCCCGAGACTTTCGCTGCATCGCTGAAAGGGCCTTCC,ACTttcgctgcATCGCTGAA,0,TGGGGAGCAAGTAGATAGAGGTGGTCCCATGCTTTGCGCCATTGGTTGGGGAAAGATCAGGCCTGATGTCCTAGGATGTTTTTCCATCAGGGGGCCTTGGGCGTGGAAGTGCGAGCCAAGGACCAGGACATCTTGGATCTGGTGGGTGTGCTGCACGATCCCGAGACT(+TTCGCTGC)ATCGCTGAAAGGGCCTTCCTGAGGCACCTGGTAGGGCCTGTGCTCCACCTGTGGAGGGCTGGGGACTTGGAGAGCTGGGAAAGGTGGCAGGGAAGATTTCTTACATGAATGCTCTGTATACAGTGCTAACTCATTCTTGTTGAATGTTGT,0,0,8,TGGGGAGCAAGTAGATAGAGGTGGTCCCATGCTTTGCGCCATTGGTTGGGGAAAGATCAGGCCTGATGTCCTAGGATGTTTTTCCATCAGGGGGCCTTGGGCGTGGAAGTGCGAGCCAAGGACCAGGACATCTTGGATCTGGTGGGTGTGCTGCACGATCCCGAGACTATCGCTGAAAGGGCCTTCCTGAGGCACCTGGTAGGGCCTGTGCTCCACCTGTGGAGGGCTGGGGACTTGGAGAGCTGGGAAAGGTGGCAGGGAAGATTTCTTACATGAATGCTCTGTATACAGTGCTAACTCATTCTTGTTGAATGTTGT,TGGGGAGCAAGTAGATAGAGGTGGTCCCATGCTTTGCGCCATTGGTTGGGGAAAGATCAGGCCTGATGTCCTAGGATGTTTTTCCATCAGGGGGCCTTGGGCGTGGAAGTGCGAGCCAAGGACCAGGACATCTTGGATCTGGTGGGTGTGCTGCACGATCCCGAGACTTTCGCTGCATCGCTGAAAGGGCCTTCCTGAGGCACCTGGTAGGGCCTGTGCTCCACCTGTGGAGGGCTGGGGACTTGGAGAGCTGGGAAAGGTGGCAGGGAAGATTTCTTACATGAATGCTCTGTATACAGTGCTAACTCATTCTTGTTGAATGTTGT,187,195,-1,181,-6,19,20
IDS,G>A,TRUE,FALSE,ACTGAGGGATGTCTGAAGGC,TTCAGACATCCCT,GCCAGTATCCCTGGCC,GCATTTTCGATTCCGTGACT,31.36,GGACTGCAGGTTCCACCTCGCTGCCCCGTTCCTTCATTTCACGTTGAGCTGTGCAGAGAAGGCAAGAACCTTCTGAAGCATTTTCGATTCCGTGACTTGGAAGAGGATCCGTACCTCCCTGGTAATCCCCGTGAACTGATTGCCTATAGCCAGTATCCC(C/T)GGCCTTCAGACATCCCTCAGTGGAATTCTGACAAGCCGAGTTTAAAAGATATAAAGATCATGGGCTATTCCATACGCACCATAGACTATAGGTATACTGTGTGGGTTGGCTTCAATCCTGATGAATTTCTAGCTAACTTTTCTGACATCC,1,0,0,GGACTGCAGGTTCCACCTCGCTGCCCCGTTCCTTCATTTCACGTTGAGCTGTGCAGAGAAGGCAAGAACCTTCTGAAGCATTTTCGATTCCGTGACTTGGAAGAGGATCCGTACCTCCCTGGTAATCCCCGTGAACTGATTGCCTATAGCCAGTATCCCCGGCCTTCAGACATCCCTCAGTGGAATTCTGACAAGCCGAGTTTAAAAGATATAAAGATCATGGGCTATTCCATACGCACCATAGACTATAGGTATACTGTGTGGGTTGGCTTCAATCCTGATGAATTTCTAGCTAACTTTTCTGACATCC,GGACTGCAGGTTCCACCTCGCTGCCCCGTTCCTTCATTTCACGTTGAGCTGTGCAGAGAAGGCAAGAACCTTCTGAAGCATTTTCGATTCCGTGACTTGGAAGAGGATCCGTACCTCCCTGGTAATCCCCGTGAACTGATTGCCTATAGCCAGTATCCCTGGCCTTCAGACATCCCTCAGTGGAATTCTGACAAGCCGAGTTTAAAAGATATAAAGATCATGGGCTATTCCATACGCACCATAGACTATAGGTATACTGTGTGGGTTGGCTTCAATCCTGATGAATTTCTAGCTAACTTTTCTGACATCC,164,164,93,93,-71,4,12
IDUA,G>A,TRUE,TRUE,CCGCAGATGAGGAGCAGCTC,CTGCTCCTCATC,ACACTTCGGCCTAGAG,tAGAGCTGCTCCTCATCTGC,31.18666667,CGCGCTTCCCGGGGTCGGCCTCCGCGTGGCGGGGCCTGGGGACTCCTTCACCAAGGGGAGGGGGAGCGAGTGGTGGGAGGCCCGGCCCTGGGTCGGGGGGCGGCTGGGCAACGACCCCACGCGGCGACGGCCCCCCCCCGCCCCGCAGATGAGGAGCAGCTCT(G/A)GGCCGAAGTGTCGCAGGCCGGGACCGTCCTGGACAGCAACCACACGGTGGGCGTCCTGGCCAGCGCCCACCGCCCCCAGGGCCCGGCCGACGCCTGGCGCGCCGCGGTGCTGATCTACGCGAGCGACGACACCCGCGCCCACCCCAACCG,1,0,0,CGCGCTTCCCGGGGTCGGCCTCCGCGTGGCGGGGCCTGGGGACTCCTTCACCAAGGGGAGGGGGAGCGAGTGGTGGGAGGCCCGGCCCTGGGTCGGGGGGCGGCTGGGCAACGACCCCACGCGGCGACGGCCCCCCCCCGCCCCGCAGATGAGGAGCAGCTCTGGGCCGAAGTGTCGCAGGCCGGGACCGTCCTGGACAGCAACCACACGGTGGGCGTCCTGGCCAGCGCCCACCGCCCCCAGGGCCCGGCCGACGCCTGGCGCGCCGCGGTGCTGATCTACGCGAGCGACGACACCCGCGCCCACCCCAACCG,CGCGCTTCCCGGGGTCGGCCTCCGCGTGGCGGGGCCTGGGGACTCCTTCACCAAGGGGAGGGGGAGCGAGTGGTGGGAGGCCCGGCCCTGGGTCGGGGGGCGGCTGGGCAACGACCCCACGCGGCGACGGCCCCCCCCCGCCCCGCAGATGAGGAGCAGCTCTAGGCCGAAGTGTCGCAGGCCGGGACCGTCCTGGACAGCAACCACACGGTGGGCGTCCTGGCCAGCGCCCACCGCCCCCAGGGCCCGGCCGACGCCTGGCGCGCCGCGGTGCTGATCTACGCGAGCGACGACACCCGCGCCCACCCCAACCG,158,158,-1,147,-11,4,12
IDUA,G>A,TRUE,FALSE,CCGCAGATGAGGAGCAGCTC,CTGCTCCTCATC,ACACTTCGGCCTAGAG,GGCCGGGCCCTGGGGGCGGT,21.93,CGCGCTTCCCGGGGTCGGCCTCCGCGTGGCGGGGCCTGGGGACTCCTTCACCAAGGGGAGGGGGAGCGAGTGGTGGGAGGCCCGGCCCTGGGTCGGGGGGCGGCTGGGCAACGACCCCACGCGGCGACGGCCCCCCCCCGCCCCGCAGATGAGGAGCAGCTCT(G/A)GGCCGAAGTGTCGCAGGCCGGGACCGTCCTGGACAGCAACCACACGGTGGGCGTCCTGGCCAGCGCCCACCGCCCCCAGGGCCCGGCCGACGCCTGGCGCGCCGCGGTGCTGATCTACGCGAGCGACGACACCCGCGCCCACCCCAACCG,1,0,0,CGCGCTTCCCGGGGTCGGCCTCCGCGTGGCGGGGCCTGGGGACTCCTTCACCAAGGGGAGGGGGAGCGAGTGGTGGGAGGCCCGGCCCTGGGTCGGGGGGCGGCTGGGCAACGACCCCACGCGGCGACGGCCCCCCCCCGCCCCGCAGATGAGGAGCAGCTCTGGGCCGAAGTGTCGCAGGCCGGGACCGTCCTGGACAGCAACCACACGGTGGGCGTCCTGGCCAGCGCCCACCGCCCCCAGGGCCCGGCCGACGCCTGGCGCGCCGCGGTGCTGATCTACGCGAGCGACGACACCCGCGCCCACCCCAACCG,CGCGCTTCCCGGGGTCGGCCTCCGCGTGGCGGGGCCTGGGGACTCCTTCACCAAGGGGAGGGGGAGCGAGTGGTGGGAGGCCCGGCCCTGGGTCGGGGGGCGGCTGGGCAACGACCCCACGCGGCGACGGCCCCCCCCCGCCCCGCAGATGAGGAGCAGCTCTAGGCCGAAGTGTCGCAGGCCGGGACCGTCCTGGACAGCAACCACACGGTGGGCGTCCTGGCCAGCGCCCACCGCCCCCAGGGCCCGGCCGACGCCTGGCGCGCCGCGGTGCTGATCTACGCGAGCGACGACACCCGCGCCCACCCCAACCG,158,158,235,235,77,4,12
LDLR,T>A,FALSE,TRUE,CGCGGCGGGGACTGCAGGTA,CTGCAGTCCC,AGCAAGCCTTTC,CTTTCCTGCAGTCCCCGCCG,3.493333333,CCGAGTGCAATCGCGGGAAGCCAGGGTTTCCAGCTAGGACACAGCAGGTCGTGATCCGGGTCGGGACACTGCCTGGCAGAGGCTGCGAGCATGGGGCCCTGGGGCTGGAAATTGCGCTGGACCGTCGCCTTGCTCCTCGCCGCGGCGGGGACTGCAGG(T/A)AAGGCTTGCTCCAGGCGCCAGAATAGGTTGAGAGGGAGCCCCCGGGGGGCCCTTGGGAATTTATTTTTTTGGGTACAAATAATCACTCCATCCCTGGGAGACTTGTGGGGTAATGGCACGGGGTCCTTCCCAAACGGCTGGAGGGGGCGC,1,0,0,CCGAGTGCAATCGCGGGAAGCCAGGGTTTCCAGCTAGGACACAGCAGGTCGTGATCCGGGTCGGGACACTGCCTGGCAGAGGCTGCGAGCATGGGGCCCTGGGGCTGGAAATTGCGCTGGACCGTCGCCTTGCTCCTCGCCGCGGCGGGGACTGCAGGTAAGGCTTGCTCCAGGCGCCAGAATAGGTTGAGAGGGAGCCCCCGGGGGGCCCTTGGGAATTTATTTTTTTGGGTACAAATAATCACTCCATCCCTGGGAGACTTGTGGGGTAATGGCACGGGGTCCTTCCCAAACGGCTGGAGGGGGCGC,CCGAGTGCAATCGCGGGAAGCCAGGGTTTCCAGCTAGGACACAGCAGGTCGTGATCCGGGTCGGGACACTGCCTGGCAGAGGCTGCGAGCATGGGGCCCTGGGGCTGGAAATTGCGCTGGACCGTCGCCTTGCTCCTCGCCGCGGCGGGGACTGCAGGAAAGGCTTGCTCCAGGCGCCAGAATAGGTTGAGAGGGAGCCCCCGGGGGGCCCTTGGGAATTTATTTTTTTGGGTACAAATAATCACTCCATCCCTGGGAGACTTGTGGGGTAATGGCACGGGGTCCTTCCCAAACGGCTGGAGGGGGCGC,156,-1,-1,145,-11,2,10
LDLR,T>A,FALSE,FALSE,CGCGGCGGGGACTGCAGGTA,CTGCAGTCCC,AGCAAGCCTTTC,CCATGCTCGCAGCCTCTGCC,5.75,CCGAGTGCAATCGCGGGAAGCCAGGGTTTCCAGCTAGGACACAGCAGGTCGTGATCCGGGTCGGGACACTGCCTGGCAGAGGCTGCGAGCATGGGGCCCTGGGGCTGGAAATTGCGCTGGACCGTCGCCTTGCTCCTCGCCGCGGCGGGGACTGCAGG(T/A)AAGGCTTGCTCCAGGCGCCAGAATAGGTTGAGAGGGAGCCCCCGGGGGGCCCTTGGGAATTTATTTTTTTGGGTACAAATAATCACTCCATCCCTGGGAGACTTGTGGGGTAATGGCACGGGGTCCTTCCCAAACGGCTGGAGGGGGCGC,1,0,0,CCGAGTGCAATCGCGGGAAGCCAGGGTTTCCAGCTAGGACACAGCAGGTCGTGATCCGGGTCGGGACACTGCCTGGCAGAGGCTGCGAGCATGGGGCCCTGGGGCTGGAAATTGCGCTGGACCGTCGCCTTGCTCCTCGCCGCGGCGGGGACTGCAGGTAAGGCTTGCTCCAGGCGCCAGAATAGGTTGAGAGGGAGCCCCCGGGGGGCCCTTGGGAATTTATTTTTTTGGGTACAAATAATCACTCCATCCCTGGGAGACTTGTGGGGTAATGGCACGGGGTCCTTCCCAAACGGCTGGAGGGGGCGC,CCGAGTGCAATCGCGGGAAGCCAGGGTTTCCAGCTAGGACACAGCAGGTCGTGATCCGGGTCGGGACACTGCCTGGCAGAGGCTGCGAGCATGGGGCCCTGGGGCTGGAAATTGCGCTGGACCGTCGCCTTGCTCCTCGCCGCGGCGGGGACTGCAGGAAAGGCTTGCTCCAGGCGCCAGAATAGGTTGAGAGGGAGCCCCCGGGGGGCCCTTGGGAATTTATTTTTTTGGGTACAAATAATCACTCCATCCCTGGGAGACTTGTGGGGTAATGGCACGGGGTCCTTCCCAAACGGCTGGAGGGGGCGC,156,-1,77,77,-79,2,10
MC4R,delCTCT,FALSE,FALSE,GCCTGGCCATCAGGAACATG,GTTCCTGATGGC,GCTCTCATGGCTTCTATGTCCACAT,CCGCCAAGGTGCCAATATGA,2.5,TACCATAACATTATGACAGTTAAGCGGGTTGGGATCATCATAAGTTGTATCTGGGCAGCTTGCACGGTTTCAGGCATTTTGTTCATCATTTACTCAGATAGTAGTGCTGTCATCATCTGCCTCATCACCATGTTCTTCACCATGCTGGCTCTCATGGCTTCT(-CTCT)ATGTCCACATGTTCCTGATGGCCAGGCTTCACATTAAGAGGATTGCTGTCCTCCCCGGCACTGGTGCCATCCGCCAAGGTGCCAATATGAAGGGAGCGATTACCTTGACCATCCTGATTGGCGTCTTTGTTGTCTGCTGGGCCCCATTCT,0,4,0,TACCATAACATTATGACAGTTAAGCGGGTTGGGATCATCATAAGTTGTATCTGGGCAGCTTGCACGGTTTCAGGCATTTTGTTCATCATTTACTCAGATAGTAGTGCTGTCATCATCTGCCTCATCACCATGTTCTTCACCATGCTGGCTCTCATGGCTTCTCTCTATGTCCACATGTTCCTGATGGCCAGGCTTCACATTAAGAGGATTGCTGTCCTCCCCGGCACTGGTGCCATCCGCCAAGGTGCCAATATGAAGGGAGCGATTACCTTGACCATCCTGATTGGCGTCTTTGTTGTCTGCTGGGCCCCATTCT,TACCATAACATTATGACAGTTAAGCGGGTTGGGATCATCATAAGTTGTATCTGGGCAGCTTGCACGGTTTCAGGCATTTTGTTCATCATTTACTCAGATAGTAGTGCTGTCATCATCTGCCTCATCACCATGTTCTTCACCATGCTGGCTCTCATGGCTTCTATGTCCACATGTTCCTGATGGCCAGGCTTCACATTAAGAGGATTGCTGTCCTCCCCGGCACTGGTGCCATCCGCCAAGGTGCCAATATGAAGGGAGCGATTACCTTGACCATCCTGATTGGCGTCTTTGTTGTCTGCTGGGCCCCATTCT,176,172,252,248,72,10,15
MYBPC3,25bp_del,TRUE,FALSE,AAATAAGGTAAAGAGAGGGA,CTCTCTTTACCTTAT,AACACAGATGTGTCTCCCTGGGTCCCTGCCAGGTCCC,GCATAGTCAGGGACTCTCGT,7.383333333,CATAGATGCCCCCGTCAAAGGGGCAGGGCTTTCTAATCTCCAGAGTCAACACTCCCTGCTTGCTGAACATGCGGAAGCGGGCGTCTTCTCCCAGGTCCAGGCCATTCTTGAACCAGGAAATCTTGGGCTATAAATAAGGTAAAGAGAGGG(-AGGGAAGCCATCCAGGCTGAGAGGG)GACCTGGCAGGGACCCAGGGAGACACATCTGTGTTTCTACTCGGGGGGTCCCACGAGAGTCCCTGACTATGCCCAAGGCTGGAAACAAACATGGAACCAAGAGTGAGTACCATGGCCCTGCCCAGGGGGAGGAACCCGGTCCATACACCC,0,25,0,CATAGATGCCCCCGTCAAAGGGGCAGGGCTTTCTAATCTCCAGAGTCAACACTCCCTGCTTGCTGAACATGCGGAAGCGGGCGTCTTCTCCCAGGTCCAGGCCATTCTTGAACCAGGAAATCTTGGGCTATAAATAAGGTAAAGAGAGGGAGGGAAGCCATCCAGGCTGAGAGGGGACCTGGCAGGGACCCAGGGAGACACATCTGTGTTTCTACTCGGGGGGTCCCACGAGAGTCCCTGACTATGCCCAAGGCTGGAAACAAACATGGAACCAAGAGTGAGTACCATGGCCCTGCCCAGGGGGAGGAACCCGGTCCATACACCC,CATAGATGCCCCCGTCAAAGGGGCAGGGCTTTCTAATCTCCAGAGTCAACACTCCCTGCTTGCTGAACATGCGGAAGCGGGCGTCTTCTCCCAGGTCCAGGCCATTCTTGAACCAGGAAATCTTGGGCTATAAATAAGGTAAAGAGAGGGGACCTGGCAGGGACCCAGGGAGACACATCTGTGTTTCTACTCGGGGGGTCCCACGAGAGTCCCTGACTATGCCCAAGGCTGGAAACAAACATGGAACCAAGAGTGAGTACCATGGCCCTGCCCAGGGGGAGGAACCCGGTCCATACACCC,147,-1,230,205,58,3,34
PAH,delATG,FALSE,TRUE,GTATGAATTTTTCACCCATT,GGGTGAAAAATTCATA,GCCTCAAGATCTTGATGTTTGTCAGAGCAGGCAGGCTACGTTTATCCAAAT,ATCTTGATGTTTGTCAGAGC,0.01,ATCTTTGGCCTGCGTTAGTTCCAGTGACTGTCTCCTCACCCTCCCCATTCTCTCTTCTAGGAGAATGATGTAAACCTGACCCACATTGAATCTAGACCTTCTCGTTTAAAGAAAGATGAGTATGAATTTTTCACCCATTTGGATAAACGTAGCCTGCCTGCTCTGACAAA(-CAT)CATCAAGATCTTGAGGCATGACATTGGTGCCACTGTCCATGAGCTTTCACGAGATAAGAAGAAAGACACAGGTAAGAATTAGAGGAATTTTGCAACATAAGTAACTCCACACTGTCTTCATAAAATAACAGCAATATACATATTTAACAG,0,3,0,ATCTTTGGCCTGCGTTAGTTCCAGTGACTGTCTCCTCACCCTCCCCATTCTCTCTTCTAGGAGAATGATGTAAACCTGACCCACATTGAATCTAGACCTTCTCGTTTAAAGAAAGATGAGTATGAATTTTTCACCCATTTGGATAAACGTAGCCTGCCTGCTCTGACAAACATCATCAAGATCTTGAGGCATGACATTGGTGCCACTGTCCATGAGCTTTCACGAGATAAGAAGAAAGACACAGGTAAGAATTAGAGGAATTTTGCAACATAAGTAACTCCACACTGTCTTCATAAAATAACAGCAATATACATATTTAACAG,ATCTTTGGCCTGCGTTAGTTCCAGTGACTGTCTCCTCACCCTCCCCATTCTCTCTTCTAGGAGAATGATGTAAACCTGACCCACATTGAATCTAGACCTTCTCGTTTAAAGAAAGATGAGTATGAATTTTTCACCCATTTGGATAAACGTAGCCTGCCTGCTCTGACAAACATCAAGATCTTGAGGCATGACATTGGTGCCACTGTCCATGAGCTTTCACGAGATAAGAAGAAAGACACAGGTAAGAATTAGAGGAATTTTGCAACATAAGTAACTCCACACTGTCTTCATAAAATAACAGCAATATACATATTTAACAG,135,135,-1,162,27,34,17
PKD1,indel,FALSE,FALSE,GCCCAGAGCTGGGGCCCCCA,GGGCCCCA,GCCCTGCCAGCTCACCTTCCTGCAGCCGTGG,AGCTCACCTTCCTGCAGCCG,7.046666667,CTCACTCGAGGCGGGCATGGGGCAGTAGGGGCTGGAGCGTGTGACTGATGCTGTGGCAGGTCTGAGGAGCTCTGGCCATGGATGGCCCACGTGCTGCTGCCCTACGTCCACGGGAACCAGTCCAGCCCAGAGCTGGGGCCCCCA(-CGGCTGCGGCAGGTG)CGGCTGCAGGAAGGTGAGCTGGCAGGGCGTGCCCCAAGACTTAAATCGTTCCTCTTGTTGAGAGAGCAGCCTTTAGCGGAGCTCTGGCATCAGCCCTGCTCCCTAGCTGTGTGACCTTTGCCCTCTTAACACCGCCGTTTCCTTCTCTGT,0,15,0,CTCACTCGAGGCGGGCATGGGGCAGTAGGGGCTGGAGCGTGTGACTGATGCTGTGGCAGGTCTGAGGAGCTCTGGCCATGGATGGCCCACGTGCTGCTGCCCTACGTCCACGGGAACCAGTCCAGCCCAGAGCTGGGGCCCCCACGGCTGCGGCAGGTGCGGCTGCAGGAAGGTGAGCTGGCAGGGCGTGCCCCAAGACTTAAATCGTTCCTCTTGTTGAGAGAGCAGCCTTTAGCGGAGCTCTGGCATCAGCCCTGCTCCCTAGCTGTGTGACCTTTGCCCTCTTAACACCGCCGTTTCCTTCTCTGT,CTCACTCGAGGCGGGCATGGGGCAGTAGGGGCTGGAGCGTGTGACTGATGCTGTGGCAGGTCTGAGGAGCTCTGGCCATGGATGGCCCACGTGCTGCTGCCCTACGTCCACGGGAACCAGTCCAGCCCAGAGCTGGGGCCCCCACGGCTGCAGGAAGGTGAGCTGGCAGGGCGTGCCCCAAGACTTAAATCGTTCCTCTTGTTGAGAGAGCAGCCTTTAGCGGAGCTCTGGCATCAGCCCTGCTCCCTAGCTGTGTGACCTTTGCCCTCTTAACACCGCCGTTTCCTTCTCTGT,140,140,162,147,7,3,28
PKD1,indel,TRUE,FALSE,GCCCAGAGCTGGGGCCCCCA,GGGCCCCA,GCCCTGCCAGCTCACCTTCCTGCAGTCTTGG,AGCTCACCTTCCTGCAGCCG,6.146666667,CTCACTCGAGGCGGGCATGGGGCAGTAGGGGCTGGAGCGTGTGACTGATGCTGTGGCAGGTCTGAGGAGCTCTGGCCATGGATGGCCCACGTGCTGCTGCCCTACGTCCACGGGAACCAGTCCAGCCCAGAGCTGGGGCCCCCA(-CGGCTGCGGCAGGTG)CGGCTGCAGGAAGGTGAGCTGGCAGGGCGTGCCCCAAGACTTAAATCGTTCCTCTTGTTGAGAGAGCAGCCTTTAGCGGAGCTCTGGCATCAGCCCTGCTCCCTAGCTGTGTGACCTTTGCCCTCTTAACACCGCCGTTTCCTTCTCTGT,0,15,0,CTCACTCGAGGCGGGCATGGGGCAGTAGGGGCTGGAGCGTGTGACTGATGCTGTGGCAGGTCTGAGGAGCTCTGGCCATGGATGGCCCACGTGCTGCTGCCCTACGTCCACGGGAACCAGTCCAGCCCAGAGCTGGGGCCCCCACGGCTGCGGCAGGTGCGGCTGCAGGAAGGTGAGCTGGCAGGGCGTGCCCCAAGACTTAAATCGTTCCTCTTGTTGAGAGAGCAGCCTTTAGCGGAGCTCTGGCATCAGCCCTGCTCCCTAGCTGTGTGACCTTTGCCCTCTTAACACCGCCGTTTCCTTCTCTGT,CTCACTCGAGGCGGGCATGGGGCAGTAGGGGCTGGAGCGTGTGACTGATGCTGTGGCAGGTCTGAGGAGCTCTGGCCATGGATGGCCCACGTGCTGCTGCCCTACGTCCACGGGAACCAGTCCAGCCCAGAGCTGGGGCCCCCACGGCTGCAGGAAGGTGAGCTGGCAGGGCGTGCCCCAAGACTTAAATCGTTCCTCTTGTTGAGAGAGCAGCCTTTAGCGGAGCTCTGGCATCAGCCCTGCTCCCTAGCTGTGTGACCTTTGCCCTCTTAACACCGCCGTTTCCTTCTCTGT,140,140,162,147,7,3,28
PSEN1,C>T,TRUE,FALSE,AAAGAGCATGATCACATGCT,ATGTGATCATGCTCT,AAATATGGCGTCAAGC,TTATCTAATGGACGACCCCA,35.30333333,AATGACAATAGAGAACGGCAGGAGCACAACGACAGACGGAGCCTTGGCCACCCTGAGCCATTATCTAATGGACGACCCCAGGGTAACTCCCGGCAGGTGGTGGAGCAAGATGAGGAAGAAGATGAGGAGCTGACATTGAAATATGGCG(C/T)CAAGCATGTGATCATGCTCTTTGTCCCTGTGACTCTCTGCATGGTGGTGGTCGTGGCTACCATTAAGTCAGTCAGCTTTTATACCCGGAAGGATGGGCAGCTGTACGTATGAGTTTTGTTTTATTATTCTCAAAGCCAGTGTGGCTTTTC,1,0,0,AATGACAATAGAGAACGGCAGGAGCACAACGACAGACGGAGCCTTGGCCACCCTGAGCCATTATCTAATGGACGACCCCAGGGTAACTCCCGGCAGGTGGTGGAGCAAGATGAGGAAGAAGATGAGGAGCTGACATTGAAATATGGCGCCAAGCATGTGATCATGCTCTTTGTCCCTGTGACTCTCTGCATGGTGGTGGTCGTGGCTACCATTAAGTCAGTCAGCTTTTATACCCGGAAGGATGGGCAGCTGTACGTATGAGTTTTGTTTTATTATTCTCAAAGCCAGTGTGGCTTTTC,AATGACAATAGAGAACGGCAGGAGCACAACGACAGACGGAGCCTTGGCCACCCTGAGCCATTATCTAATGGACGACCCCAGGGTAACTCCCGGCAGGTGGTGGAGCAAGATGAGGAAGAAGATGAGGAGCTGACATTGAAATATGGCGTCAAGCATGTGATCATGCTCTTTGTCCCTGTGACTCTCTGCATGGTGGTGGTCGTGGCTACCATTAAGTCAGTCAGCTTTTATACCCGGAAGGATGGGCAGCTGTACGTATGAGTTTTGTTTTATTATTCTCAAAGCCAGTGTGGCTTTTC,154,154,76,76,-78,5,11
PTCH1,insTCTAC,TRUE,TRUE,AGGTGTCCCGCAAGCCGTTG,CGGCTTGCGG,GCCCAGTTCCCTTTCTACGTAGACTCAA,CCCTTTCTACgtagaCTCAA,0.496666667,TTTCATGCAAAGTTCTTCTCTCTTTCCATTGAAACTGTGATGCTCTTCTACCCTGGGCTGCTCCTAACCTGTGCCCTTCTCTGTCCAGTCCCGGCAGCAGAGCCCATCGAGTATGCCCAGTTCCCTTTCTAC(+GTAGA)CTCAACGGCTTGCGGGACACCTCAGACTTTGTGGAGGCAATTGAAAAAGTAAGGACCATCTGCAGCAACTATACGAGCCTGGGGCTGTCCAGTTACCCCAACGGCTACCCCTTCCTCTTCTGGGAGCAGTACATCGGCCTCCGCCACTGG,0,0,5,TTTCATGCAAAGTTCTTCTCTCTTTCCATTGAAACTGTGATGCTCTTCTACCCTGGGCTGCTCCTAACCTGTGCCCTTCTCTGTCCAGTCCCGGCAGCAGAGCCCATCGAGTATGCCCAGTTCCCTTTCTACCTCAACGGCTTGCGGGACACCTCAGACTTTGTGGAGGCAATTGAAAAAGTAAGGACCATCTGCAGCAACTATACGAGCCTGGGGCTGTCCAGTTACCCCAACGGCTACCCCTTCCTCTTCTGGGAGCAGTACATCGGCCTCCGCCACTGG,TTTCATGCAAAGTTCTTCTCTCTTTCCATTGAAACTGTGATGCTCTTCTACCCTGGGCTGCTCCTAACCTGTGCCCTTCTCTGTCCAGTCCCGGCAGCAGAGCCCATCGAGTATGCCCAGTTCCCTTTCTACGTAGACTCAACGGCTTGCGGGACACCTCAGACTTTGTGGAGGCAATTGAAAAAGTAAGGACCATCTGCAGCAACTATACGAGCCTGGGGCTGTCCAGTTACCCCAACGGCTACCCCTTCCTCTTCTGGGAGCAGTACATCGGCCTCCGCCACTGG,137,142,-1,138,1,5,18
PTCH1,insTCTAC,TRUE,FALSE,AGGTGTCCCGCAAGCCGTTG,CGGCTTGCGG,GCCCAGTTCCCTTTCTACGTAGACTCAA,CTGTGATGCTCTTCTACCCT,1.2,TTTCATGCAAAGTTCTTCTCTCTTTCCATTGAAACTGTGATGCTCTTCTACCCTGGGCTGCTCCTAACCTGTGCCCTTCTCTGTCCAGTCCCGGCAGCAGAGCCCATCGAGTATGCCCAGTTCCCTTTCTAC(+GTAGA)CTCAACGGCTTGCGGGACACCTCAGACTTTGTGGAGGCAATTGAAAAAGTAAGGACCATCTGCAGCAACTATACGAGCCTGGGGCTGTCCAGTTACCCCAACGGCTACCCCTTCCTCTTCTGGGAGCAGTACATCGGCCTCCGCCACTGG,0,0,5,TTTCATGCAAAGTTCTTCTCTCTTTCCATTGAAACTGTGATGCTCTTCTACCCTGGGCTGCTCCTAACCTGTGCCCTTCTCTGTCCAGTCCCGGCAGCAGAGCCCATCGAGTATGCCCAGTTCCCTTTCTACCTCAACGGCTTGCGGGACACCTCAGACTTTGTGGAGGCAATTGAAAAAGTAAGGACCATCTGCAGCAACTATACGAGCCTGGGGCTGTCCAGTTACCCCAACGGCTACCCCTTCCTCTTCTGGGAGCAGTACATCGGCCTCCGCCACTGG,TTTCATGCAAAGTTCTTCTCTCTTTCCATTGAAACTGTGATGCTCTTCTACCCTGGGCTGCTCCTAACCTGTGCCCTTCTCTGTCCAGTCCCGGCAGCAGAGCCCATCGAGTATGCCCAGTTCCCTTTCTACGTAGACTCAACGGCTTGCGGGACACCTCAGACTTTGTGGAGGCAATTGAAAAAGTAAGGACCATCTGCAGCAACTATACGAGCCTGGGGCTGTCCAGTTACCCCAACGGCTACCCCTTCCTCTTCTGGGAGCAGTACATCGGCCTCCGCCACTGG,137,142,50,50,-87,5,18
SCN5A,delG4CTTCT,TRUE,FALSE,GGCCGTGGGATGGGCTTCTG,AAGCCCATCC,GCCATGAAGAAGCTGGGCTCCAAG,GCTCCAAGAAGCCCATCCCA,0.12,TGCCCTCCATGCTGGGGCCTCTGAGAACCCCAGAATGAGGTTGGTGCCTTCTCTTTGCACTTAGGGGGCCAGGACATCTTCATGACAGAGGAGCAGAAGAAGTACTACAATGCCATGAAGAAGCTGGGCTCCA(-AGAAGCCCC)AGAAGCCCATCCCACGGCCCCTGGTGAGCCAGGCTCCTGGTTTTGTGGGAGTGGGGAGGATCTTCTGGGGTCCCTGGGAAGCTTTCGTGCCACATGGCCAGCCATCAGAGCCGCTTCACAGTCTTTCAGCCCAGCCTGAGGGGCACTATC,0,9,0,TGCCCTCCATGCTGGGGCCTCTGAGAACCCCAGAATGAGGTTGGTGCCTTCTCTTTGCACTTAGGGGGCCAGGACATCTTCATGACAGAGGAGCAGAAGAAGTACTACAATGCCATGAAGAAGCTGGGCTCCAAGAAGCCCCAGAAGCCCATCCCACGGCCCCTGGTGAGCCAGGCTCCTGGTTTTGTGGGAGTGGGGAGGATCTTCTGGGGTCCCTGGGAAGCTTTCGTGCCACATGGCCAGCCATCAGAGCCGCTTCACAGTCTTTCAGCCCAGCCTGAGGGGCACTATC,TGCCCTCCATGCTGGGGCCTCTGAGAACCCCAGAATGAGGTTGGTGCCTTCTCTTTGCACTTAGGGGGCCAGGACATCTTCATGACAGAGGAGCAGAAGAAGTACTACAATGCCATGAAGAAGCTGGGCTCCAAGAAGCCCATCCCACGGCCCCTGGTGAGCCAGGCTCCTGGTTTTGTGGGAGTGGGGAGGATCTTCTGGGGTCCCTGGGAAGCTTTCGTGCCACATGGCCAGCCATCAGAGCCGCTTCACAGTCTTTCAGCCCAGCCTGAGGGGCACTATC,144,-1,-1,143,-1,3,21
SERPINA1,delAG,TRUE,TRUE,CCTCCTCTGTGACCCCGGAG,CGGGGTCACAGA,GCAATGGGGCTGACCTC,TCAGCAATGGGGCTGACCTC,0.413333333,GTCCCAGAAGAACAAGAGGAATGCTGTGCCATGCCTTGAATTTCTTTTCTGCACGACAGGTCTGCCAGCTTACATTTACCCAAACTGTCCATTACTGGAACCTATGATCTGAAGAGCGTCCTGGGTCAACTGGGCATCACTAAGGTCTTCAGCAATGGGGCTGACCT(-CT)CCGGGGTCACAGAGGAGGCACCCCTGAAGCTCTCCAAGGTGAGATCACCCTGACGACCTTGTTGCACCCTGGTATCTGTAGGGAAGAATGTGTGGGGGCTGCAGCTCTGTCCTGAGGCTGAGGAAGGGGCCGAGGGAAACAAATGAAGAC,0,2,0,GTCCCAGAAGAACAAGAGGAATGCTGTGCCATGCCTTGAATTTCTTTTCTGCACGACAGGTCTGCCAGCTTACATTTACCCAAACTGTCCATTACTGGAACCTATGATCTGAAGAGCGTCCTGGGTCAACTGGGCATCACTAAGGTCTTCAGCAATGGGGCTGACCTCTCCGGGGTCACAGAGGAGGCACCCCTGAAGCTCTCCAAGGTGAGATCACCCTGACGACCTTGTTGCACCCTGGTATCTGTAGGGAAGAATGTGTGGGGGCTGCAGCTCTGTCCTGAGGCTGAGGAAGGGGCCGAGGGAAACAAATGAAGAC,GTCCCAGAAGAACAAGAGGAATGCTGTGCCATGCCTTGAATTTCTTTTCTGCACGACAGGTCTGCCAGCTTACATTTACCCAAACTGTCCATTACTGGAACCTATGATCTGAAGAGCGTCCTGGGTCAACTGGGCATCACTAAGGTCTTCAGCAATGGGGCTGACCTCCGGGGTCACAGAGGAGGCACCCCTGAAGCTCTCCAAGGTGAGATCACCCTGACGACCTTGTTGCACCCTGGTATCTGTAGGGAAGAATGTGTGGGGGCTGCAGCTCTGTCCTGAGGCTGAGGAAGGGGCCGAGGGAAACAAATGAAGAC,170,168,164,164,-6,2,15
TNNT2,delGAG,TRUE,FALSE,GAGGGCTCGACGAGAGGAGG,CCTCTCGTCGAG,AGCCTTCCTCCTGTTCTCCT,AGGATTGGAAACCCTGATTC,3.143333333,AGCACTGTGCTGGGAGCTACCCTCTCAGAAAGCTCCTTGCTGAGCGGAGAGAAAGCTGAACTCACCCATAAAGACCACAAGCTTCAGCCCAGAATCAGGGTTTCCAATCCTTTCCCCTAATTTGCTTTCTTCCTCCCTGCTGTAAATCAGGAAGAGAGGGCTCGACGAGAGGAGGAG(-GAG)AACAGGAGGAAGGCTGAGGATGAGGCCCGGAAGAAGAAGGCTTTGTCCAACATGATGCATTTTGGGGGTTACATCCAGAAGGTAGGTAGGGAGCAGCAGGGGTTGCCAGGAGATCCTAGTATAGCCCTGAGGAATGAGGTGTCCACTGCA,0,3,0,AGCACTGTGCTGGGAGCTACCCTCTCAGAAAGCTCCTTGCTGAGCGGAGAGAAAGCTGAACTCACCCATAAAGACCACAAGCTTCAGCCCAGAATCAGGGTTTCCAATCCTTTCCCCTAATTTGCTTTCTTCCTCCCTGCTGTAAATCAGGAAGAGAGGGCTCGACGAGAGGAGGAGGAGAACAGGAGGAAGGCTGAGGATGAGGCCCGGAAGAAGAAGGCTTTGTCCAACATGATGCATTTTGGGGGTTACATCCAGAAGGTAGGTAGGGAGCAGCAGGGGTTGCCAGGAGATCCTAGTATAGCCCTGAGGAATGAGGTGTCCACTGCA,AGCACTGTGCTGGGAGCTACCCTCTCAGAAAGCTCCTTGCTGAGCGGAGAGAAAGCTGAACTCACCCATAAAGACCACAAGCTTCAGCCCAGAATCAGGGTTTCCAATCCTTTCCCCTAATTTGCTTTCTTCCTCCCTGCTGTAAATCAGGAAGAGAGGGCTCGACGAGAGGAGGAGAACAGGAGGAAGGCTGAGGATGAGGCCCGGAAGAAGAAGGCTTTGTCCAACATGATGCATTTTGGGGGTTACATCCAGAAGGTAGGTAGGGAGCAGCAGGGGTTGCCAGGAGATCCTAGTATAGCCCTGAGGAATGAGGTGTCCACTGCA,171,171,94,94,-77,5,15
TTR,delGTC,FALSE,TRUE,AGTCCCTCATTCCTTGGGAT,CCAAGGAATGAGGGA,TCCACCACGGCTGTCACCAATC,CACGGCTGTCACCAATCCCA,11.08666667,GGAAATGGATCTGTCTGTCTTCTCTCATAGGTGGTATTCACAGCCAACGACTCCGGCCCCCGCCGCTACACCATTGCCGCCCTGCTGAGCCCCTACTCCTATTCCACCACGGCTGTC(-GTC)ACCAATCCCAAGGAATGAGGGACTTCTCCTCCAGTGGACCTGAAGGACGAGGGATGGGATTTCATGTAACCAAGAGTATTCCATTTTTACTAAAGCAGTGTTTTCACCTCATATGCTATGTTAGAAGTCCAGGCAGAGACAATAAAACAT,0,3,0,GGAAATGGATCTGTCTGTCTTCTCTCATAGGTGGTATTCACAGCCAACGACTCCGGCCCCCGCCGCTACACCATTGCCGCCCTGCTGAGCCCCTACTCCTATTCCACCACGGCTGTCGTCACCAATCCCAAGGAATGAGGGACTTCTCCTCCAGTGGACCTGAAGGACGAGGGATGGGATTTCATGTAACCAAGAGTATTCCATTTTTACTAAAGCAGTGTTTTCACCTCATATGCTATGTTAGAAGTCCAGGCAGAGACAATAAAACAT,GGAAATGGATCTGTCTGTCTTCTCTCATAGGTGGTATTCACAGCCAACGACTCCGGCCCCCGCCGCTACACCATTGCCGCCCTGCTGAGCCCCTACTCCTATTCCACCACGGCTGTCACCAATCCCAAGGAATGAGGGACTTCTCCTCCAGTGGACCTGAAGGACGAGGGATGGGATTTCATGTAACCAAGAGTATTCCATTTTTACTAAAGCAGTGTTTTCACCTCATATGCTATGTTAGAAGTCCAGGCAGAGACAATAAAACAT,127,124,-1,123,-4,7,15
TTR,delGTC,FALSE,FALSE,AGTCCCTCATTCCTTGGGAT,CCAAGGAATGAGGGA,TCCACCACGGCTGTCACCAATC,GTATTCACAGCCAACGACTC,17.04333333,GGAAATGGATCTGTCTGTCTTCTCTCATAGGTGGTATTCACAGCCAACGACTCCGGCCCCCGCCGCTACACCATTGCCGCCCTGCTGAGCCCCTACTCCTATTCCACCACGGCTGTC(-GTC)ACCAATCCCAAGGAATGAGGGACTTCTCCTCCAGTGGACCTGAAGGACGAGGGATGGGATTTCATGTAACCAAGAGTATTCCATTTTTACTAAAGCAGTGTTTTCACCTCATATGCTATGTTAGAAGTCCAGGCAGAGACAATAAAACAT,0,3,0,GGAAATGGATCTGTCTGTCTTCTCTCATAGGTGGTATTCACAGCCAACGACTCCGGCCCCCGCCGCTACACCATTGCCGCCCTGCTGAGCCCCTACTCCTATTCCACCACGGCTGTCGTCACCAATCCCAAGGAATGAGGGACTTCTCCTCCAGTGGACCTGAAGGACGAGGGATGGGATTTCATGTAACCAAGAGTATTCCATTTTTACTAAAGCAGTGTTTTCACCTCATATGCTATGTTAGAAGTCCAGGCAGAGACAATAAAACAT,GGAAATGGATCTGTCTGTCTTCTCTCATAGGTGGTATTCACAGCCAACGACTCCGGCCCCCGCCGCTACACCATTGCCGCCCTGCTGAGCCCCTACTCCTATTCCACCACGGCTGTCACCAATCCCAAGGAATGAGGGACTTCTCCTCCAGTGGACCTGAAGGACGAGGGATGGGATTTCATGTAACCAAGAGTATTCCATTTTTACTAAAGCAGTGTTTTCACCTCATATGCTATGTTAGAAGTCCAGGCAGAGACAATAAAACAT,127,124,49,49,-78,7,15
TTR,delGTC,TRUE,TRUE,AGTCCCTCATTCCTTGGGAT,CCAAGGAATGAGGGA,TCCACCACGGCTGTCACAAATC,CACGGCTGTCACCAATCCCA,13.00666667,GGAAATGGATCTGTCTGTCTTCTCTCATAGGTGGTATTCACAGCCAACGACTCCGGCCCCCGCCGCTACACCATTGCCGCCCTGCTGAGCCCCTACTCCTATTCCACCACGGCTGTC(-GTC)ACCAATCCCAAGGAATGAGGGACTTCTCCTCCAGTGGACCTGAAGGACGAGGGATGGGATTTCATGTAACCAAGAGTATTCCATTTTTACTAAAGCAGTGTTTTCACCTCATATGCTATGTTAGAAGTCCAGGCAGAGACAATAAAACAT,0,3,0,GGAAATGGATCTGTCTGTCTTCTCTCATAGGTGGTATTCACAGCCAACGACTCCGGCCCCCGCCGCTACACCATTGCCGCCCTGCTGAGCCCCTACTCCTATTCCACCACGGCTGTCGTCACCAATCCCAAGGAATGAGGGACTTCTCCTCCAGTGGACCTGAAGGACGAGGGATGGGATTTCATGTAACCAAGAGTATTCCATTTTTACTAAAGCAGTGTTTTCACCTCATATGCTATGTTAGAAGTCCAGGCAGAGACAATAAAACAT,GGAAATGGATCTGTCTGTCTTCTCTCATAGGTGGTATTCACAGCCAACGACTCCGGCCCCCGCCGCTACACCATTGCCGCCCTGCTGAGCCCCTACTCCTATTCCACCACGGCTGTCACCAATCCCAAGGAATGAGGGACTTCTCCTCCAGTGGACCTGAAGGACGAGGGATGGGATTTCATGTAACCAAGAGTATTCCATTTTTACTAAAGCAGTGTTTTCACCTCATATGCTATGTTAGAAGTCCAGGCAGAGACAATAAAACAT,127,124,-1,123,-4,7,15
TTR,delGTC,TRUE,FALSE,AGTCCCTCATTCCTTGGGAT,CCAAGGAATGAGGGA,TCCACCACGGCTGTCACAAATC,GTATTCACAGCCAACGACTC,23.80333333,GGAAATGGATCTGTCTGTCTTCTCTCATAGGTGGTATTCACAGCCAACGACTCCGGCCCCCGCCGCTACACCATTGCCGCCCTGCTGAGCCCCTACTCCTATTCCACCACGGCTGTC(-GTC)ACCAATCCCAAGGAATGAGGGACTTCTCCTCCAGTGGACCTGAAGGACGAGGGATGGGATTTCATGTAACCAAGAGTATTCCATTTTTACTAAAGCAGTGTTTTCACCTCATATGCTATGTTAGAAGTCCAGGCAGAGACAATAAAACAT,0,3,0,GGAAATGGATCTGTCTGTCTTCTCTCATAGGTGGTATTCACAGCCAACGACTCCGGCCCCCGCCGCTACACCATTGCCGCCCTGCTGAGCCCCTACTCCTATTCCACCACGGCTGTCGTCACCAATCCCAAGGAATGAGGGACTTCTCCTCCAGTGGACCTGAAGGACGAGGGATGGGATTTCATGTAACCAAGAGTATTCCATTTTTACTAAAGCAGTGTTTTCACCTCATATGCTATGTTAGAAGTCCAGGCAGAGACAATAAAACAT,GGAAATGGATCTGTCTGTCTTCTCTCATAGGTGGTATTCACAGCCAACGACTCCGGCCCCCGCCGCTACACCATTGCCGCCCTGCTGAGCCCCTACTCCTATTCCACCACGGCTGTCACCAATCCCAAGGAATGAGGGACTTCTCCTCCAGTGGACCTGAAGGACGAGGGATGGGATTTCATGTAACCAAGAGTATTCCATTTTTACTAAAGCAGTGTTTTCACCTCATATGCTATGTTAGAAGTCCAGGCAGAGACAATAAAACAT,127,124,49,49,-78,7,15
VWF,delG,TRUE,FALSE,GGTGACTCACCATGCCCGGG,GGGCATGGTGAG,GCCTCTGCCCCC,TCTCTGGCTGCCTCTGCCCC,17.67333333,AAAAGGAGCCTATCCTGTCGGCCCCCCATGGTCAAGCTGGTGTGTCCCGCTGACAACCTGCGGGCTGAAGGGCTCGAGTGTACCAAAACGTGCCAGAACTATGACCTGGAGTGCATGAGCATGGGCTGTGTCTCTGGCTGCCTCTGCCCCC(-C)GGGCATGGTGAGTCACCAGGCACAGAGCTGGTGCCTGCCCTTCAGTTTTCTTGTAGGCAGGGATGAGTGAGGGGGCTGTGCAGCCAGAGAGAGGAAGAAACAAGGGCTAAACACGGATAGCAATGGAGGTGGTGCTGGTAATGGGGGCAT,0,1,0,AAAAGGAGCCTATCCTGTCGGCCCCCCATGGTCAAGCTGGTGTGTCCCGCTGACAACCTGCGGGCTGAAGGGCTCGAGTGTACCAAAACGTGCCAGAACTATGACCTGGAGTGCATGAGCATGGGCTGTGTCTCTGGCTGCCTCTGCCCCCCGGGCATGGTGAGTCACCAGGCACAGAGCTGGTGCCTGCCCTTCAGTTTTCTTGTAGGCAGGGATGAGTGAGGGGGCTGTGCAGCCAGAGAGAGGAAGAAACAAGGGCTAAACACGGATAGCAATGGAGGTGGTGCTGGTAATGGGGGCAT,AAAAGGAGCCTATCCTGTCGGCCCCCCATGGTCAAGCTGGTGTGTCCCGCTGACAACCTGCGGGCTGAAGGGCTCGAGTGTACCAAAACGTGCCAGAACTATGACCTGGAGTGCATGAGCATGGGCTGTGTCTCTGGCTGCCTCTGCCCCCGGGCATGGTGAGTCACCAGGCACAGAGCTGGTGCCTGCCCTTCAGTTTTCTTGTAGGCAGGGATGAGTGAGGGGGCTGTGCAGCCAGAGAGAGGAAGAAACAAGGGCTAAACACGGATAGCAATGGAGGTGGTGCTGGTAATGGGGGCAT,152,151,146,146,-6,1,11
VWF,delG,TRUE,FALSE,GGTGACTCACCATGCCCGGG,GGGCATGGTGAG,GCCTCTGCCCCC,CTGACAACCTGCGGGCTGAA,17.67333333,AAAAGGAGCCTATCCTGTCGGCCCCCCATGGTCAAGCTGGTGTGTCCCGCTGACAACCTGCGGGCTGAAGGGCTCGAGTGTACCAAAACGTGCCAGAACTATGACCTGGAGTGCATGAGCATGGGCTGTGTCTCTGGCTGCCTCTGCCCCC(-C)GGGCATGGTGAGTCACCAGGCACAGAGCTGGTGCCTGCCCTTCAGTTTTCTTGTAGGCAGGGATGAGTGAGGGGGCTGTGCAGCCAGAGAGAGGAAGAAACAAGGGCTAAACACGGATAGCAATGGAGGTGGTGCTGGTAATGGGGGCAT,0,1,0,AAAAGGAGCCTATCCTGTCGGCCCCCCATGGTCAAGCTGGTGTGTCCCGCTGACAACCTGCGGGCTGAAGGGCTCGAGTGTACCAAAACGTGCCAGAACTATGACCTGGAGTGCATGAGCATGGGCTGTGTCTCTGGCTGCCTCTGCCCCCCGGGCATGGTGAGTCACCAGGCACAGAGCTGGTGCCTGCCCTTCAGTTTTCTTGTAGGCAGGGATGAGTGAGGGGGCTGTGCAGCCAGAGAGAGGAAGAAACAAGGGCTAAACACGGATAGCAATGGAGGTGGTGCTGGTAATGGGGGCAT,AAAAGGAGCCTATCCTGTCGGCCCCCCATGGTCAAGCTGGTGTGTCCCGCTGACAACCTGCGGGCTGAAGGGCTCGAGTGTACCAAAACGTGCCAGAACTATGACCTGGAGTGCATGAGCATGGGCTGTGTCTCTGGCTGCCTCTGCCCCCGGGCATGGTGAGTCACCAGGCACAGAGCTGGTGCCTGCCCTTCAGTTTTCTTGTAGGCAGGGATGAGTGAGGGGGCTGTGCAGCCAGAGAGAGGAAGAAACAAGGGCTAAACACGGATAGCAATGGAGGTGGTGCTGGTAATGGGGGCAT,152,151,65,65,-87,1,11
